City_ID,City,Country,Date,Lat,Lng,Max Temp,Humidity,Cloudiness,Wind Speed
0,Cape Town,ZA,2022-01-26 18:46:45,-33.9258,18.4232,70.21,78,20,5.99
1,Nome,US,2022-01-26 18:50:17,64.5011,-165.4064,-18.89,76,0,0.0
2,Albany,US,2022-01-26 18:49:12,42.6001,-73.9662,21.45,44,4,5.01
3,Hualmay,PE,2022-01-26 18:51:23,-11.0964,-77.6139,75.67,72,61,11.45
4,Busselton,AU,2022-01-26 18:51:24,-33.65,115.3333,57.94,88,16,11.25
5,Puerto Ayora,EC,2022-01-26 18:51:26,-0.7393,-90.3518,84.16,75,69,9.8
6,Belaya Gora,RU,2022-01-26 18:51:27,68.5333,146.4167,-38.9,100,51,5.68
7,Perevoz,RU,2022-01-26 18:51:29,55.5961,44.5446,4.93,98,94,4.14
8,Saskylakh,RU,2022-01-26 18:51:30,71.9167,114.0833,-2.97,87,84,6.38
9,Chakwal,PK,2022-01-26 18:51:32,32.9334,72.8585,45.16,36,0,2.89
10,Port Elizabeth,ZA,2022-01-26 18:51:33,-33.918,25.5701,70.11,73,100,8.05
11,Vaini,TO,2022-01-26 18:51:33,-21.2,-175.2,71.76,94,20,2.3
12,Stodolishche,RU,2022-01-26 18:51:34,54.1859,32.6492,-3.84,100,100,1.83
13,Dutse,NG,2022-01-26 18:51:35,11.7594,9.3392,67.84,18,0,9.22
14,Dauphin,CA,2022-01-26 18:50:20,51.1494,-100.0502,28.54,74,100,17.27
15,Rikitea,PF,2022-01-26 18:51:41,-23.1203,-134.9692,78.24,78,3,19.13
16,Basco,PH,2022-01-26 18:51:42,20.4487,121.9702,74.82,81,100,23.22
17,Dwarka,IN,2022-01-26 18:51:43,22.2394,68.9678,66.49,45,2,10.45
18,Timbiqui,CO,2022-01-26 18:51:45,2.7717,-77.6654,82.15,71,100,6.55
19,Hithadhoo,MV,2022-01-26 18:51:46,-0.6,73.0833,81.5,73,100,19.62
20,Ushuaia,AR,2022-01-26 18:47:54,-54.8,-68.3,51.46,66,75,32.21
21,Esperance,AU,2022-01-26 18:51:52,-33.8667,121.9,62.44,86,66,8.72
22,Tiksi,RU,2022-01-26 18:51:53,71.6872,128.8694,-2.67,91,9,17.81
23,Ponta Do Sol,PT,2022-01-26 18:51:55,32.6667,-17.1,61.43,54,81,8.41
24,Nikolskoye,RU,2022-01-26 18:51:59,59.7035,30.7861,26.71,90,100,8.5
25,Torbay,CA,2022-01-26 18:52:00,47.6666,-52.7314,39.76,97,100,11.5
26,Castro,BR,2022-01-26 18:52:02,-24.7911,-50.0119,87.82,45,32,4.43
27,Tiruchchendur,IN,2022-01-26 18:52:05,8.4833,78.1167,76.73,76,100,1.81
28,Isangel,VU,2022-01-26 18:52:06,-19.55,169.2667,77.11,94,32,4.61
29,La Cruz,MX,2022-01-26 18:52:07,23.9167,-106.9,74.19,48,1,8.16
30,Berlevag,NO,2022-01-26 18:52:08,70.8578,29.0864,24.75,68,0,16.11
31,Vestmannaeyjar,IS,2022-01-26 18:52:09,63.4427,-20.2734,32.99,80,20,9.22
32,New Norfolk,AU,2022-01-26 18:52:11,-42.7826,147.0587,61.72,73,100,1.7
33,Hobart,AU,2022-01-26 18:52:12,-42.8794,147.3294,62.06,80,100,3.0
34,Himatangi,NZ,2022-01-26 18:52:13,-40.4,175.3167,61.52,82,59,6.62
35,Hilo,US,2022-01-26 18:52:15,19.7297,-155.09,75.25,83,75,5.75
36,Upernavik,GL,2022-01-26 18:52:17,72.7868,-56.1549,-5.28,67,42,9.06
37,Sitka,US,2022-01-26 18:52:18,57.0531,-135.33,33.69,86,75,0.0
38,Inongo,CD,2022-01-26 18:52:19,-1.95,18.2667,76.66,77,100,4.43
39,Dalvik,IS,2022-01-26 18:52:20,65.9702,-18.5286,24.73,64,100,6.42
40,Saldanha,ZA,2022-01-26 18:52:22,-33.0117,17.9442,68.05,92,12,21.7
41,Hermanus,ZA,2022-01-26 18:52:25,-34.4187,19.2345,66.79,82,100,12.71
42,Punta Arenas,CL,2022-01-26 18:52:26,-53.15,-70.9167,55.42,66,0,21.85
43,Kruisfontein,ZA,2022-01-26 18:52:28,-34.0033,24.7314,67.89,91,100,7.83
44,Panzhihua,CN,2022-01-26 18:53:29,26.5851,101.7128,46.94,70,1,1.03
45,Padang,ID,2022-01-26 18:53:30,-0.9492,100.3543,78.46,81,100,3.94
46,Wilmington,US,2022-01-26 18:50:53,34.2257,-77.9447,49.86,58,20,14.97
47,Mahebourg,MU,2022-01-26 18:53:33,-20.4081,57.7,75.49,64,20,4.61
48,Thompson,CA,2022-01-26 18:53:34,55.7435,-97.8558,6.96,72,100,19.57
49,Dingle,PH,2022-01-26 18:53:37,10.9995,122.6711,75.4,94,33,6.76
50,Buala,SB,2022-01-26 18:53:38,-8.145,159.5921,77.11,81,100,3.31
51,Luganville,VU,2022-01-26 18:53:40,-15.5333,167.1667,79.43,87,100,6.82
52,Mataura,NZ,2022-01-26 18:53:41,-46.1927,168.8643,52.48,98,38,3.09
53,Ostrovnoy,RU,2022-01-26 18:53:41,68.0531,39.5131,9.01,90,4,15.48
54,Richards Bay,ZA,2022-01-26 18:53:43,-28.783,32.0377,75.16,86,100,7.11
55,Flin Flon,CA,2022-01-26 18:53:44,54.7682,-101.865,17.44,79,100,18.41
56,Bredasdorp,ZA,2022-01-26 18:53:45,-34.5322,20.0403,67.32,73,100,10.36
57,Luancheng,CN,2022-01-26 18:53:46,37.8792,114.6517,26.76,64,96,1.81
58,Xudat,AZ,2022-01-26 18:53:47,41.631,48.681,37.56,83,90,7.25
59,Kapaa,US,2022-01-26 18:51:09,22.0752,-159.319,73.72,75,40,1.01
60,Ahuimanu,US,2022-01-26 18:53:48,21.4447,-157.8378,76.46,74,20,1.01
61,Tahoua,NE,2022-01-26 18:53:49,14.8888,5.2692,76.98,6,4,12.66
62,Klaksvik,FO,2022-01-26 18:53:50,62.2266,-6.589,38.32,99,100,29.95
63,Saint-Joseph,RE,2022-01-26 18:53:52,-21.3667,55.6167,71.98,70,69,8.3
64,Butaritari,KI,2022-01-26 18:53:54,3.0707,172.7902,80.64,81,74,13.42
65,Blackwater,AU,2022-01-26 18:53:55,-23.5833,148.8833,72.32,88,100,7.47
66,Pevek,RU,2022-01-26 18:53:57,69.7008,170.3133,-35.25,99,42,3.51
67,Florencia,IT,2022-01-26 18:53:33,43.7667,11.25,51.08,88,40,3.44
68,Kaitangata,NZ,2022-01-26 18:54:01,-46.2817,169.8464,53.92,75,39,9.69
69,Shakawe,BW,2022-01-26 18:54:03,-18.3667,21.85,69.12,82,100,6.2
70,Itaituba,BR,2022-01-26 18:51:11,-4.2761,-55.9836,84.36,74,75,9.22
71,Port Alfred,ZA,2022-01-26 18:54:05,-33.5906,26.891,73.0,87,97,10.87
72,Severo-Kurilsk,RU,2022-01-26 18:54:07,50.6789,156.125,25.59,75,95,19.33
73,Bluff,NZ,2022-01-26 18:54:10,-46.6,168.3333,52.81,68,72,16.62
74,Bethel,US,2022-01-26 18:54:12,41.3712,-73.414,27.48,40,0,1.01
75,Jibuti,DJ,2022-01-26 18:54:13,11.5,42.5,72.82,65,0,15.97
76,Cayenne,GF,2022-01-26 18:53:11,4.9333,-52.3333,82.44,83,75,8.05
77,Dikson,RU,2022-01-26 18:54:17,73.5069,80.5464,13.71,92,100,28.14
78,Adrar,MR,2022-01-26 18:54:19,20.5022,-10.0711,71.49,15,5,6.13
79,Half Moon Bay,US,2022-01-26 18:54:21,37.4636,-122.4286,61.74,77,0,4.61
80,Garmsar,IR,2022-01-26 18:54:22,35.2182,52.3409,48.36,33,88,6.55
81,Talnakh,RU,2022-01-26 18:54:23,69.4865,88.3972,2.21,97,100,16.78
82,Seoul,KR,2022-01-26 18:53:57,37.5683,126.9778,28.0,59,0,5.75
83,Maceio,BR,2022-01-26 18:54:10,-9.6658,-35.7353,89.04,62,40,3.44
84,Rawson,AR,2022-01-26 18:54:31,-43.3002,-65.1023,65.16,54,2,11.95
85,Northam,GB,2022-01-26 18:54:32,51.0333,-4.2167,48.02,86,92,10.49
86,Abu Zabad,SD,2022-01-26 18:54:34,12.35,29.25,69.58,17,100,18.75
87,Svetlogorsk,BY,2022-01-26 18:54:35,52.6333,29.7333,12.9,96,98,3.53
88,Atuona,PF,2022-01-26 18:55:36,-9.8,-139.0333,78.71,77,12,19.08
89,East London,ZA,2022-01-26 18:55:38,-33.0153,27.9116,74.34,94,75,8.05
90,Kodiak,US,2022-01-26 18:55:39,57.79,-152.4072,33.31,80,100,14.97
91,Farkhor,TJ,2022-01-26 18:55:40,37.4922,69.4036,40.08,45,0,7.38
92,Provideniya,RU,2022-01-26 18:55:41,64.3833,-173.3,-10.77,88,63,2.28
93,Bukama,CD,2022-01-26 18:55:42,-9.2,25.85,69.44,94,100,0.13
94,Salalah,OM,2022-01-26 18:55:43,17.0151,54.0924,67.86,61,0,3.85
95,Ewa Beach,US,2022-01-26 18:55:44,21.3156,-158.0072,76.69,80,100,0.0
96,Vila Velha,BR,2022-01-26 18:55:44,-20.3297,-40.2925,86.45,73,0,5.99
97,Carlagan,PH,2022-01-26 18:55:46,14.975,122.0456,76.91,91,94,8.3
98,Barrow,US,2022-01-26 18:55:47,71.2906,-156.7887,-18.02,98,100,15.99
99,Ko Samui,TH,2022-01-26 18:55:49,9.5357,99.9357,81.12,76,20,11.68
100,Jamestown,US,2022-01-26 18:51:00,42.097,-79.2353,20.52,59,100,7.0
101,Lebu,CL,2022-01-26 18:55:51,-37.6167,-73.65,66.92,65,0,11.52
102,Goderich,CA,2022-01-26 18:55:52,43.7501,-81.7165,18.91,53,100,2.3
103,Pueblo Nuevo,MX,2022-01-26 18:55:53,23.3833,-105.3833,64.45,25,99,6.58
104,Biltine,TD,2022-01-26 18:55:55,14.5333,20.9167,72.1,17,0,20.07
105,Hinche,HT,2022-01-26 18:55:57,19.15,-72.0167,77.88,29,0,6.51
106,Okitipupa,NG,2022-01-26 18:55:59,6.5047,4.7839,73.13,84,5,4.12
107,Margate,GB,2022-01-26 18:56:00,51.3813,1.3862,42.69,79,7,1.99
108,Provost,CA,2022-01-26 18:56:01,52.3501,-110.2683,35.02,87,100,16.51
109,Vao,NC,2022-01-26 18:56:02,-22.6667,167.4833,77.34,80,100,12.33
110,Voskresenskoye,RU,2022-01-26 18:56:04,56.8381,45.4317,5.9,97,99,3.42
111,Kutum,SD,2022-01-26 18:56:07,14.2,24.6667,60.28,23,99,15.97
112,Nahan,IN,2022-01-26 18:56:08,30.55,77.3,46.2,77,0,2.57
113,Matara,LK,2022-01-26 18:51:21,5.9485,80.5353,72.72,84,45,3.49
114,Batagay-Alyta,RU,2022-01-26 18:56:10,67.8006,130.4114,-0.36,95,100,2.55
115,Muros,ES,2022-01-26 18:56:12,42.7762,-9.0603,53.24,70,0,9.69
116,Saint George,US,2022-01-26 18:53:18,37.1041,-113.5841,47.35,40,0,1.99
117,Ribeira Grande,PT,2022-01-26 18:56:13,38.5167,-28.7,61.2,67,40,11.5
118,Atambua,ID,2022-01-26 18:56:14,-9.1061,124.8925,75.45,88,100,8.39
119,Horqueta,PY,2022-01-26 18:56:15,-23.3428,-57.0597,100.36,30,100,4.45
120,La Palma,US,2022-01-26 18:56:17,33.8464,-118.0467,70.75,51,78,1.99
121,Fortuna,US,2022-01-26 18:56:18,40.5982,-124.1573,45.52,87,0,0.0
122,Tuktoyaktuk,CA,2022-01-26 18:56:19,69.4541,-133.0374,1.4,78,100,19.57
123,Tuatapere,NZ,2022-01-26 18:56:21,-46.1333,167.6833,52.83,86,92,9.37
124,Goianira,BR,2022-01-26 18:56:22,-16.4961,-49.4264,82.22,71,99,7.18
125,Honiara,SB,2022-01-26 18:53:27,-9.4333,159.95,75.43,94,100,3.78
126,Brae,GB,2022-01-26 18:56:25,60.3964,-1.353,49.91,84,100,31.59
127,Merauke,ID,2022-01-26 18:55:05,-8.4667,140.3333,80.01,87,100,8.43
128,Praia Da Vitoria,PT,2022-01-26 18:56:28,38.7333,-27.0667,61.05,82,75,9.06
129,Olafsvik,IS,2022-01-26 18:56:30,64.8945,-23.7142,35.44,61,100,11.68
130,Cabo San Lucas,MX,2022-01-26 18:56:31,22.8909,-109.9124,77.5,49,1,1.99
131,Yellowknife,CA,2022-01-26 18:56:32,62.456,-114.3525,5.41,89,75,5.75
132,Belaya Kholunitsa,RU,2022-01-26 18:56:33,58.84,50.8528,8.37,97,98,3.53
133,Avarua,CK,2022-01-26 18:56:34,-21.2078,-159.775,80.65,83,20,11.5
134,Bahawalnagar,PK,2022-01-26 18:56:36,30.5508,73.3908,49.51,47,0,3.67
135,Harper,LR,2022-01-26 18:56:37,4.375,-7.7169,79.97,79,57,8.48
136,Tasiilaq,GL,2022-01-26 18:56:39,65.6145,-37.6368,8.02,67,100,2.08
137,Grand Gaube,MU,2022-01-26 18:57:40,-20.0064,57.6608,75.6,67,1,3.0
138,Klyuchi,RU,2022-01-26 18:57:41,52.2667,79.1667,-4.22,100,82,6.24
139,Opuwo,NA,2022-01-26 18:57:43,-18.0607,13.84,79.43,48,98,10.38
140,Moose Factory,CA,2022-01-26 18:57:44,51.2585,-80.6094,1.38,66,0,21.85
141,Cagliliog,PH,2022-01-26 18:57:46,13.9016,123.2913,75.87,91,66,4.74
142,Narsaq,GL,2022-01-26 18:57:47,60.9167,-46.05,4.55,87,25,5.5
143,Arcata,US,2022-01-26 18:57:48,40.8665,-124.0828,45.79,100,100,0.0
144,Callaguip,PH,2022-01-26 18:57:50,18.0714,120.4867,81.05,83,75,2.3
145,Khatanga,RU,2022-01-26 18:57:51,71.9667,102.5,-5.82,86,99,10.38
146,Mar Del Plata,AR,2022-01-26 18:54:30,-38.0023,-57.5575,68.02,75,0,25.99
147,Vidalia,US,2022-01-26 18:55:32,32.2177,-82.4135,63.75,45,0,8.05
148,Faya,SA,2022-01-26 18:57:55,18.3851,42.4509,55.51,83,34,7.18
149,Sabang,ID,2022-01-26 18:57:56,5.8933,95.3214,81.66,75,21,10.13
150,Sorland,NO,2022-01-26 18:57:58,67.667,12.6934,37.26,85,98,16.75
151,Itarema,BR,2022-01-26 18:58:00,-2.9248,-39.9167,82.74,68,100,16.73
152,Chernyshevskiy,RU,2022-01-26 18:58:01,63.0128,112.4714,-15.0,99,85,3.53
153,Prince Rupert,CA,2022-01-26 18:54:44,54.3161,-130.3201,37.09,100,0,0.0
154,Saposoa,PE,2022-01-26 18:58:03,-6.934,-76.7716,86.61,91,100,1.16
155,Davila,PH,2022-01-26 18:58:05,18.4726,120.5763,76.98,87,91,18.25
156,Santiago,CL,2022-01-26 18:57:28,-33.4569,-70.6483,91.29,32,0,16.11
157,Leningradskiy,RU,2022-01-26 18:58:06,69.3833,178.4167,-27.58,88,32,3.2
158,Arima,TT,2022-01-26 18:58:09,10.6333,-61.2833,87.33,51,20,11.01
159,Coquimbo,CL,2022-01-26 18:54:28,-29.9533,-71.3436,67.96,71,5,8.9
160,Lata,PT,2022-01-26 18:58:11,40.1629,-8.3327,55.81,74,34,3.71
161,Weyburn,CA,2022-01-26 18:58:12,49.6668,-103.8511,32.22,93,100,32.21
162,Khor,RU,2022-01-26 18:58:13,47.8861,134.9464,-6.88,100,97,0.98
163,Roald,NO,2022-01-26 18:58:15,62.5833,6.1333,41.9,87,75,17.27
164,Katsuura,JP,2022-01-26 18:54:02,35.1333,140.3,39.31,79,63,7.23
165,Paungde,MM,2022-01-26 18:58:18,18.4833,95.5,66.33,58,3,6.04
166,Qaanaaq,GL,2022-01-26 18:58:19,77.484,-69.3632,-8.72,62,98,7.38
167,Mana,GF,2022-01-26 18:58:20,5.6592,-53.7767,80.11,74,91,8.95
168,Longyearbyen,SJ,2022-01-26 18:58:22,78.2186,15.6401,10.24,61,40,11.5
169,Gat,IL,2022-01-26 18:58:24,31.61,34.7642,47.08,100,100,20.62
170,Vicosa,BR,2022-01-26 18:58:25,-20.7539,-42.8819,77.81,71,10,11.34
171,San Carlos De Bariloche,AR,2022-01-26 18:54:39,-41.1456,-71.3082,80.35,26,40,5.75
172,Emba,KZ,2022-01-26 18:58:27,48.8264,58.1442,17.4,95,100,6.33
173,Leh,IN,2022-01-26 18:58:29,34.1667,77.5833,-4.97,88,100,3.0
174,Lorengau,PG,2022-01-26 18:58:30,-2.0226,147.2712,81.95,77,100,6.02
175,Tigil,RU,2022-01-26 18:58:31,57.8,158.6667,-17.66,100,100,1.12
176,Cap Malheureux,MU,2022-01-26 18:58:33,-19.9842,57.6142,75.69,67,1,3.0
177,Miandrivazo,MG,2022-01-26 18:58:35,-19.5167,45.4667,77.52,80,0,2.86
178,Carnarvon,AU,2022-01-26 18:58:36,-24.8667,113.6333,75.27,78,40,18.41
179,Rancagua,CL,2022-01-26 18:58:36,-34.1708,-70.7444,71.35,18,0,8.19
180,Ust-Ishim,RU,2022-01-26 18:58:37,57.6935,71.1665,-3.93,100,96,3.2
181,Kasongo-Lunda,CD,2022-01-26 18:58:39,-6.4667,16.8167,70.43,96,72,0.43
182,Kiama,AU,2022-01-26 18:59:42,-34.6833,150.8667,69.01,82,93,1.01
183,Petropavlovsk-Kamchatskiy,RU,2022-01-26 18:59:15,53.0452,158.6483,3.79,56,0,6.71
184,Hamilton,US,2022-01-26 18:56:49,39.1834,-84.5333,24.08,52,0,1.99
185,Victoria,HK,2022-01-26 18:55:39,22.2855,114.1577,67.24,92,100,8.01
186,Sayyan,YE,2022-01-26 18:59:47,15.1718,44.3244,52.63,38,0,2.51
187,Ust-Tsilma,RU,2022-01-26 18:59:49,65.441,52.1498,0.39,99,86,3.4
188,Bilma,NE,2022-01-26 18:59:51,18.6853,12.9164,61.3,21,34,8.68
189,Haines Junction,CA,2022-01-26 18:59:52,60.7522,-137.5108,6.75,85,100,0.0
190,Lyantonde,UG,2022-01-26 18:59:53,-0.4031,31.1572,69.67,66,96,2.21
191,Mahenge,TZ,2022-01-26 18:59:55,-8.6833,36.7167,66.2,87,100,3.67
192,Araouane,ML,2022-01-26 18:59:57,18.9048,-3.5265,72.37,11,96,8.05
193,Bambous Virieux,MU,2022-01-26 18:59:59,-20.3428,57.7575,75.45,64,20,4.61
194,Kangaatsiaq,GL,2022-01-26 19:00:00,68.3065,-53.4641,7.45,77,100,5.97
195,Bosaso,SO,2022-01-26 19:00:04,11.2842,49.1816,73.08,64,2,5.46
196,Zarumilla,PE,2022-01-26 19:00:07,-3.5031,-80.2731,79.36,77,100,4.94
197,Laguna,US,2022-01-26 19:00:09,38.421,-121.4238,64.09,69,1,1.99
198,Xining,CN,2022-01-26 19:00:10,36.6167,101.7667,17.78,83,100,2.19
199,Tuensang,IN,2022-01-26 19:00:14,26.2833,94.8333,50.7,97,87,1.79
200,Berbera,SO,2022-01-26 19:00:15,10.4396,45.0143,75.15,63,33,6.58
201,Qaqortoq,GL,2022-01-26 19:00:17,60.7167,-46.0333,16.3,90,38,4.65
202,Skibbereen,IE,2022-01-26 19:00:19,51.55,-9.2667,48.0,93,100,14.25
203,Eregli,TR,2022-01-26 19:00:21,37.5133,34.0467,17.8,95,100,3.0
204,Sibi,PK,2022-01-26 19:00:22,29.5448,67.8764,56.95,24,0,0.89
205,Yumen,CN,2022-01-26 19:00:25,40.2833,97.2,18.86,45,34,5.99
206,Kavieng,PG,2022-01-26 19:00:27,-2.5744,150.7967,82.42,77,85,7.78
207,Bengkulu,ID,2022-01-26 19:00:28,-3.8004,102.2655,77.9,85,100,2.89
208,Rocha,UY,2022-01-26 19:00:31,-34.4833,-54.3333,73.15,93,100,1.63
209,San Juan,AR,2022-01-26 18:55:32,-31.5375,-68.5364,90.46,34,2,15.23
210,Chuy,UY,2022-01-26 19:00:33,-33.6971,-53.4616,70.23,96,100,7.4
211,Marquette,US,2022-01-26 19:00:34,46.5333,-87.6335,10.81,42,100,16.82
212,Norman Wells,CA,2022-01-26 19:00:36,65.282,-126.8329,12.79,83,90,8.52
213,San Patricio,US,2022-01-26 19:00:37,28.017,-97.5169,62.92,62,100,10.4
214,Prospect Heights,US,2022-01-26 19:00:39,42.0953,-87.9376,10.9,53,9,1.01
215,Georgetown,MY,2022-01-26 19:00:16,5.4112,100.3354,82.33,83,20,0.0
216,Borovoy,RU,2022-01-26 19:00:42,55.4333,86.0833,7.88,85,40,2.24
217,Nelson,NZ,2022-01-26 18:59:03,-41.2833,173.2833,59.7,78,21,1.01
218,Nixa,US,2022-01-26 19:00:45,37.0434,-93.2944,33.48,34,8,1.99
219,Santa Isabel Do Rio Negro,BR,2022-01-26 19:00:47,-0.4139,-65.0192,81.03,90,100,1.7
220,Quelimane,MZ,2022-01-26 19:00:49,-17.8786,36.8883,74.57,84,100,8.21
221,Capitan Bado,PY,2022-01-26 19:00:51,-23.2667,-55.5333,95.67,34,90,1.86
222,Porkhov,RU,2022-01-26 19:00:52,57.765,29.5561,22.89,91,100,6.69
223,Coihaique,CL,2022-01-26 19:00:53,-45.5752,-72.0662,79.47,29,6,2.46
224,Mokhsogollokh,RU,2022-01-26 19:00:54,61.4681,128.9203,-6.97,98,100,3.67
225,Saryg-Sep,RU,2022-01-26 19:00:55,51.5,95.6,-18.47,98,93,3.4
226,Chokurdakh,RU,2022-01-26 19:00:55,70.6333,147.9167,-29.4,98,32,10.71
227,Souillac,MU,2022-01-26 19:00:56,-20.5167,57.5167,75.58,69,20,3.44
228,Arraial Do Cabo,BR,2022-01-26 18:59:57,-22.9661,-42.0278,87.76,65,0,23.02
229,Bathsheba,BB,2022-01-26 19:00:58,13.2167,-59.5167,78.39,74,21,14.79
230,Sambava,MG,2022-01-26 19:02:02,-14.2667,50.1667,76.71,82,67,12.75
231,Tancanhuitz,MX,2022-01-26 19:02:04,21.6,-98.9667,64.71,79,100,4.07
232,Santa Fe,AR,2022-01-26 19:02:05,-31.6333,-60.7,83.01,73,79,8.01
233,Hirara,JP,2022-01-26 19:02:05,24.8,125.2833,69.8,70,55,16.62
234,Douentza,ML,2022-01-26 19:02:06,14.9951,-2.9517,75.47,10,100,7.54
235,Kahului,US,2022-01-26 19:02:07,20.8947,-156.47,75.85,76,51,11.99
236,Athni,IN,2022-01-26 19:02:08,16.7333,75.0667,69.94,40,0,10.56
237,Gizo,SB,2022-01-26 19:02:10,-8.103,156.8419,81.72,74,100,5.77
238,San Cristobal,VE,2022-01-26 19:02:10,7.7669,-72.225,83.34,47,100,0.56
239,Ramos Arizpe,MX,2022-01-26 19:01:06,25.55,-100.9667,62.82,53,30,4.29
240,Talcahuano,CL,2022-01-26 19:00:15,-36.7167,-73.1167,63.75,79,5,10.29
241,Ojinaga,MX,2022-01-26 19:02:16,29.5667,-104.4167,62.56,51,0,6.91
242,Samarai,PG,2022-01-26 19:02:17,-10.6167,150.6667,81.82,80,100,6.29
243,Goma,CD,2022-01-26 19:02:19,-1.6792,29.2228,64.51,84,91,3.69
244,Banning,US,2022-01-26 19:02:20,33.9256,-116.8764,63.68,23,25,6.44
245,Keetmanshoop,NA,2022-01-26 19:02:21,-26.5833,18.1333,92.39,18,26,7.74
246,Saint-Augustin,CA,2022-01-26 19:02:21,51.226,-58.6502,12.83,79,52,12.86
247,Nanortalik,GL,2022-01-26 19:02:22,60.1432,-45.2371,18.0,88,100,5.77
248,Dorogobuzh,RU,2022-01-26 19:02:24,54.915,33.2972,-0.74,100,100,2.86
249,Ixtapa,MX,2022-01-26 19:00:12,20.7,-105.2,85.82,37,97,6.29
250,Clyde River,CA,2022-01-26 19:02:27,70.4692,-68.5914,-14.6,96,100,18.07
251,Kurilsk,RU,2022-01-26 19:02:28,45.2333,147.8833,24.3,59,100,6.2
252,Port Hardy,CA,2022-01-26 19:00:31,50.6996,-127.4199,42.93,70,95,7.92
253,Pocos De Caldas,BR,2022-01-26 19:02:30,-21.7878,-46.5614,72.61,79,28,2.66
254,Andenes,NO,2022-01-26 19:02:31,69.3143,16.1194,30.18,86,75,11.5
255,Voyvozh,RU,2022-01-26 19:02:33,62.892,54.9635,12.49,95,100,5.91
256,Te Anau,NZ,2022-01-26 19:02:34,-45.4167,167.7167,48.15,81,92,1.16
257,Alofi,NU,2022-01-26 19:02:35,-19.0595,-169.9187,81.68,76,6,15.19
258,Moron,AR,2022-01-26 19:02:37,-34.6534,-58.6198,80.01,87,100,15.35
259,Namibe,AO,2022-01-26 19:02:38,-15.1961,12.1522,76.28,83,100,5.35
260,Gigmoto,PH,2022-01-26 19:02:39,13.7796,124.39,77.47,91,96,8.28
261,Pangnirtung,CA,2022-01-26 19:02:40,66.1451,-65.7125,-17.45,99,100,3.04
262,Limon,CR,2022-01-26 19:02:40,10.0,-83.0333,82.29,69,20,8.05
263,Inhambane,MZ,2022-01-26 19:02:42,-23.865,35.3833,79.07,86,56,10.89
264,Port Keats,AU,2022-01-26 19:02:43,-14.25,129.55,81.7,79,100,11.34
265,Soure,BR,2022-01-26 19:02:44,-0.7167,-48.5233,81.64,74,100,9.06
266,Ancud,CL,2022-01-26 19:01:50,-41.8697,-73.8203,81.23,55,0,6.2
267,Nemuro,JP,2022-01-26 19:02:45,43.3236,145.575,27.55,86,100,2.33
268,Saint-Philippe,RE,2022-01-26 19:02:47,-21.3585,55.7679,72.99,71,80,8.68
269,Luderitz,NA,2022-01-26 19:02:48,-26.6481,15.1594,75.42,56,5,23.49
270,Llanes,ES,2022-01-26 19:02:49,43.4198,-4.7549,46.87,76,0,7.74
271,Sao Filipe,CV,2022-01-26 19:02:51,14.8961,-24.4956,77.49,61,37,14.38
272,Vila,PT,2022-01-26 19:02:52,42.0304,-8.1588,42.33,64,0,4.65
273,Viloco,BO,2022-01-26 19:03:53,-16.95,-67.55,57.06,57,83,6.98
274,Meulaboh,ID,2022-01-26 19:02:40,4.1363,96.1285,77.18,81,100,2.15
275,Broken Hill,AU,2022-01-26 18:59:02,-31.95,141.4333,82.11,51,40,8.05
276,Guarapari,BR,2022-01-26 19:03:55,-20.6667,-40.4975,80.49,65,88,12.5
277,Shwebo,MM,2022-01-26 19:03:56,22.5667,95.7,58.59,93,20,2.28
278,Clovis,US,2022-01-26 19:02:35,36.8252,-119.7029,67.6,57,0,1.99
279,Shenjiamen,CN,2022-01-26 19:03:59,29.9576,122.298,49.46,92,100,18.84
280,Nhulunbuy,AU,2022-01-26 19:04:00,-12.2333,136.7667,81.21,89,40,4.61
281,Namatanai,PG,2022-01-26 19:04:01,-3.6667,152.4333,79.86,82,76,3.67
282,Fontaine,FR,2022-01-26 19:04:02,45.1984,5.6827,38.89,72,2,1.99
283,Husavik,IS,2022-01-26 19:04:03,66.0449,-17.3389,23.68,75,100,10.92
284,Basavana Bagevadi,IN,2022-01-26 19:04:03,16.5833,75.9667,70.11,43,0,11.61
285,Cherskiy,RU,2022-01-26 19:04:04,68.75,161.3,-44.57,99,46,3.71
286,Apricena,IT,2022-01-26 19:04:05,41.7839,15.4437,43.27,87,15,4.94
287,Morgan City,US,2022-01-26 19:04:06,29.6994,-91.2068,55.0,53,0,10.36
288,Los Llanos De Aridane,ES,2022-01-26 19:04:07,28.6585,-17.9182,60.55,72,20,8.01
289,Christchurch,NZ,2022-01-26 19:02:17,-43.5333,172.6333,54.95,83,16,3.0
290,Barpathar,IN,2022-01-26 19:04:10,26.3,93.8667,57.02,94,100,2.91
291,Wladyslawowo,PL,2022-01-26 19:02:56,54.7909,18.4009,39.42,88,98,24.99
292,Mehamn,NO,2022-01-26 19:04:12,71.0357,27.8492,28.58,88,98,17.34
293,Cidreira,BR,2022-01-26 19:04:13,-30.1811,-50.2056,82.29,73,63,13.58
294,Shitanjing,CN,2022-01-26 19:04:14,39.2342,106.3439,19.08,49,100,3.36
295,Kahramanmaras,TR,2022-01-26 19:04:15,38.0,37.0,23.63,97,100,3.04
296,Alice Springs,AU,2022-01-26 19:04:16,-23.7,133.8833,76.55,78,89,4.61
297,Tura,IN,2022-01-26 19:04:18,25.5198,90.2201,54.41,90,58,2.8
298,Ushtobe,KZ,2022-01-26 19:04:19,45.2514,77.9838,20.07,90,88,3.27
299,Bataipora,BR,2022-01-26 19:03:14,-22.2953,-53.2711,97.66,32,86,10.67
300,Kosovo Polje,XK,2022-01-26 19:04:21,42.6394,21.0961,30.16,80,75,3.44
301,Lavrentiya,RU,2022-01-26 19:04:22,65.5833,-171.0,-21.78,89,44,4.47
302,Encruzilhada Do Sul,BR,2022-01-26 19:04:23,-30.5439,-52.5219,74.37,88,100,21.3
303,High Level,CA,2022-01-26 19:04:25,58.5169,-117.136,28.6,81,36,12.17
304,Jiaonan,CN,2022-01-26 19:04:26,35.8786,119.9753,30.24,73,80,9.24
305,Salamiyah,SY,2022-01-26 19:04:27,35.0113,37.0532,38.95,96,100,10.92
306,Benghazi,LY,2022-01-26 19:00:23,32.1167,20.0667,54.82,58,100,17.09
307,Lodja,CD,2022-01-26 19:04:30,-3.4833,23.4333,70.41,98,100,2.48
308,Srednekolymsk,RU,2022-01-26 19:04:32,67.45,153.6833,-43.98,100,51,3.62
309,Airai,TL,2022-01-26 19:04:33,-8.9266,125.4092,61.54,86,100,3.13
310,Wewak,PG,2022-01-26 19:04:34,-3.5534,143.6268,78.96,87,100,3.38
311,Comodoro Rivadavia,AR,2022-01-26 19:04:35,-45.8667,-67.5,64.26,52,20,16.11
312,Havre-Saint-Pierre,CA,2022-01-26 19:04:36,50.2334,-63.5986,8.13,66,100,13.06
313,Vagur,FO,2022-01-26 19:04:38,61.4732,-6.8119,40.5,96,98,29.21
314,Atar,MR,2022-01-26 19:04:39,20.5169,-13.0499,75.88,22,4,8.55
315,Poum,NC,2022-01-26 19:04:41,-20.2333,164.0167,79.79,76,98,7.87
316,Juneau,US,2022-01-26 19:00:32,58.3019,-134.4197,37.85,97,100,3.44
317,Rio Gallegos,AR,2022-01-26 19:01:55,-51.6226,-69.2181,68.05,38,90,23.38
318,Geraldton,AU,2022-01-26 19:04:46,-28.7667,114.6,70.21,73,0,13.8
319,Xifeng,CN,2022-01-26 19:04:47,42.7372,124.7222,9.18,84,7,2.26
320,Genhe,CN,2022-01-26 19:04:50,50.7833,121.5167,-16.42,100,99,1.61
321,Krasnoselkup,RU,2022-01-26 19:05:51,65.7,82.4667,-4.25,95,100,18.68
322,Zhanaozen,KZ,2022-01-26 19:05:52,43.3,52.8,35.78,58,100,15.52
323,Mahajanga,MG,2022-01-26 19:05:53,-15.7167,46.3167,77.9,76,100,4.03
324,Derzhavinsk,KZ,2022-01-26 19:05:54,51.1,66.3167,1.35,95,100,6.82
325,Vardo,NO,2022-01-26 19:05:57,70.3705,31.1107,19.6,79,17,27.63
326,Solnechnyy,RU,2022-01-26 19:05:58,50.7214,136.6319,-8.88,98,80,2.89
327,Jizan,SA,2022-01-26 19:06:00,17.3333,42.6667,79.21,69,1,2.73
328,Kirakira,SB,2022-01-26 19:06:02,-10.4544,161.9205,78.26,91,100,9.42
329,Diapaga,BF,2022-01-26 19:06:03,12.0708,1.7889,77.5,14,1,6.55
330,Sao Joao Da Barra,BR,2022-01-26 19:01:48,-21.6403,-41.0511,78.04,77,24,21.72
331,Baglan,AF,2022-01-26 19:06:05,36.1307,68.7083,40.12,40,0,3.33
332,Saint-Francois,FR,2022-01-26 19:06:06,46.4154,3.9054,27.84,93,100,3.44
333,Deep River,CA,2022-01-26 19:06:07,46.1001,-77.4995,3.43,66,43,3.65
334,Tupaciguara,BR,2022-01-26 19:06:08,-18.5922,-48.705,79.36,61,99,0.85
335,Zhigansk,RU,2022-01-26 19:06:09,66.7697,123.3711,-18.22,100,100,5.19
336,Pavilosta,LV,2022-01-26 19:06:10,56.8879,21.1859,39.15,90,96,17.78
337,Drumnadrochit,GB,2022-01-26 19:06:12,57.3344,-4.4799,55.06,87,100,25.68
338,Codrington,AU,2022-01-26 19:06:13,-38.2667,141.9667,67.17,91,16,5.08
339,Popondetta,PG,2022-01-26 19:06:14,-8.7537,148.2534,73.76,96,100,3.04
340,Pareora,NZ,2022-01-26 19:06:15,-44.4871,171.2132,53.19,65,7,5.91
341,Qinhuangdao,CN,2022-01-26 19:06:17,39.9317,119.5883,20.25,67,88,6.29
342,Sola,VU,2022-01-26 19:06:19,-13.8833,167.55,82.72,75,99,14.34
343,Lokachi,UA,2022-01-26 19:06:22,50.737,24.6494,32.76,98,100,6.33
344,Kloulklubed,PW,2022-01-26 19:06:23,7.0419,134.2556,81.97,81,100,18.52
345,Pisco,PE,2022-01-26 19:05:11,-13.7,-76.2167,80.65,54,34,18.41
346,Totton,GB,2022-01-26 19:06:26,50.9188,-1.4904,43.99,87,75,6.91
347,Manta,EC,2022-01-26 19:06:27,-0.95,-80.7333,80.38,74,40,5.75
348,Nabire,ID,2022-01-26 19:06:28,-3.3667,135.4833,75.29,89,100,2.39
349,Duku,NG,2022-01-26 19:06:29,11.2361,4.9073,79.2,14,0,6.29
350,Khovu-Aksy,RU,2022-01-26 19:06:31,51.1333,93.6,-11.74,88,98,6.96
351,Chikitigarh,IN,2022-01-26 19:06:32,19.2,84.6167,67.62,83,0,3.42
352,Baturaja,ID,2022-01-26 19:06:33,-4.1333,104.1667,73.15,98,100,2.04
353,Ambositra,MG,2022-01-26 19:06:35,-20.5167,47.25,60.48,88,97,3.0
354,Caravelas,BR,2022-01-26 19:06:36,-17.7125,-39.2481,80.82,72,100,7.02
355,Feijo,BR,2022-01-26 19:06:37,-8.1642,-70.3536,86.79,59,100,3.06
356,Nesna,NO,2022-01-26 19:06:39,66.1967,13.0213,37.51,95,100,10.98
357,Tilichiki,RU,2022-01-26 19:06:40,60.4667,166.1,7.11,95,100,9.17
358,Cabinda,AO,2022-01-26 19:06:41,-5.55,12.2,78.31,87,96,5.41
359,Hofn,IS,2022-01-26 19:06:43,64.2539,-15.2082,30.22,69,100,3.44
360,Cervo,ES,2022-01-26 19:06:45,43.6702,-7.4101,51.96,81,70,11.81
361,Flagstaff,US,2022-01-26 19:05:13,35.1981,-111.6513,42.6,37,0,1.99
362,Teguldet,RU,2022-01-26 19:06:48,57.3064,88.1667,-0.6,100,95,2.08
363,Kedougou,SN,2022-01-26 19:04:05,12.5579,-12.1743,85.95,9,75,5.35
364,Necochea,AR,2022-01-26 19:06:39,-38.5473,-58.7368,69.04,50,0,21.97
365,Lazaro Cardenas,MX,2022-01-26 19:06:52,17.9583,-102.2,84.2,51,0,8.57
366,Artyom,AZ,2022-01-26 19:06:53,40.4723,50.333,42.94,79,26,7.61
367,Euclides Da Cunha,BR,2022-01-26 19:07:56,-10.5075,-39.0158,87.13,41,99,14.85
368,Xanxere,BR,2022-01-26 19:07:57,-26.8769,-52.4042,89.6,37,83,5.48
369,Ilulissat,GL,2022-01-26 19:07:59,69.2167,-51.1,17.62,73,75,16.11
370,Yulara,AU,2022-01-26 19:08:01,-25.2406,130.9889,78.64,65,99,2.3
371,Palmer,US,2022-01-26 19:08:02,42.1584,-72.3287,26.65,29,0,4.0
372,Zhengjiatun,CN,2022-01-26 19:08:04,43.5064,123.5064,-1.23,94,7,4.23
373,Mount Isa,AU,2022-01-26 19:08:05,-20.7333,139.5,74.97,100,40,5.75
374,Manokwari,ID,2022-01-26 19:08:07,-0.8667,134.0833,78.53,78,100,1.54
375,Lagoa,PT,2022-01-26 19:08:09,39.05,-27.9833,58.55,78,6,12.03
376,Wlodawa,PL,2022-01-26 19:08:10,51.55,23.55,35.91,98,100,9.17
377,Buraydah,SA,2022-01-26 19:08:11,26.326,43.975,69.89,34,6,11.45
378,Voh,NC,2022-01-26 19:08:13,-20.9667,164.7,74.59,88,23,4.16
379,Kaitong,CN,2022-01-26 19:08:15,44.8135,123.15,-8.66,95,5,3.2
380,Touros,BR,2022-01-26 19:08:17,-5.1989,-35.4608,86.9,65,10,14.83
381,Svetlyy,RU,2022-01-26 19:08:20,54.675,20.1347,39.25,97,100,21.39
382,Lompoc,US,2022-01-26 19:03:50,34.6391,-120.4579,66.13,58,0,0.0
383,Bambanglipuro,ID,2022-01-26 19:08:24,-7.95,110.2833,76.91,90,100,6.78
384,Ruston,US,2022-01-26 19:08:25,32.5232,-92.6379,46.85,25,0,8.19
385,Kropotkin,RU,2022-01-26 19:08:27,45.4375,40.5756,28.47,97,100,5.19
386,Faanui,PF,2022-01-26 19:08:28,-16.4833,-151.75,80.92,76,100,16.91
387,Guane,CU,2022-01-26 19:08:30,22.2025,-84.0875,85.73,53,2,10.94
388,Zalantun,CN,2022-01-26 19:08:32,48.0,122.7167,-3.41,88,17,7.27
389,Bay Roberts,CA,2022-01-26 19:08:34,47.5999,-53.2648,40.51,91,100,1.99
390,Avera,US,2022-01-26 19:08:35,33.194,-82.5271,58.51,56,4,10.02
391,Camacha,PT,2022-01-26 19:08:37,33.0833,-16.3333,57.96,72,40,9.22
392,Fairbanks,US,2022-01-26 19:08:39,64.8378,-147.7164,-0.44,77,75,0.0
393,Vrangel,RU,2022-01-26 19:08:40,42.7297,133.0839,19.54,61,0,13.42
394,Mount Gambier,AU,2022-01-26 19:08:41,-37.8333,140.7667,69.33,82,1,5.5
395,Kargasok,RU,2022-01-26 19:08:43,59.0556,80.8572,-14.66,100,100,2.01
396,San Rafael,AR,2022-01-26 19:08:45,-34.6177,-68.3301,86.11,33,67,16.17
397,Cambridge,CA,2022-01-26 19:08:41,43.3601,-80.3127,21.22,64,78,1.99
398,The Valley,AI,2022-01-26 19:08:48,18.217,-63.0578,80.82,69,20,9.22
399,Quatre Cocos,MU,2022-01-26 19:08:49,-20.2078,57.7625,75.31,65,10,10.89
400,Anderson,US,2022-01-26 19:07:00,34.5334,-82.6499,54.23,49,0,1.99
401,Henties Bay,NA,2022-01-26 19:08:51,-22.116,14.2845,66.85,85,79,4.81
402,Byron Bay,AU,2022-01-26 19:08:53,-28.65,153.6167,71.87,79,28,6.91
403,Kavaratti,IN,2022-01-26 19:08:55,10.5669,72.642,78.03,55,69,5.28
404,Yurla,RU,2022-01-26 19:08:57,59.3259,54.3223,0.12,99,88,3.65
405,Pringsewu,ID,2022-01-26 19:08:59,-5.3582,104.9744,74.32,96,100,1.23
406,Mildura,AU,2022-01-26 19:04:27,-34.2,142.15,71.56,83,75,17.27
407,Koutsouras,GR,2022-01-26 19:09:02,35.0339,25.9469,46.11,55,86,25.75
408,Aklavik,CA,2022-01-26 19:09:04,68.2191,-135.0107,-2.76,99,100,5.21
409,Maniitsoq,GL,2022-01-26 19:09:05,65.4167,-52.9,12.36,89,100,2.66
410,Lima,PE,2022-01-26 19:07:52,-12.0432,-77.0282,80.91,66,0,8.99
411,Xingcheng,CN,2022-01-26 19:10:09,40.6167,120.7167,17.94,50,6,4.88
412,Shieli,KZ,2022-01-26 19:10:11,44.1667,66.75,27.54,80,3,5.03
413,Broome,US,2022-01-26 19:10:12,42.2506,-75.833,22.21,54,100,4.0
414,Soc Trang,VN,2022-01-26 19:10:13,9.6033,105.98,73.94,89,27,5.84
415,Hasaki,JP,2022-01-26 19:10:15,35.7333,140.8333,27.0,74,15,5.12
416,Simpang,ID,2022-01-26 19:10:19,-1.2667,104.0833,74.61,94,100,2.28
417,Nova Olinda Do Norte,BR,2022-01-26 19:10:21,-3.8881,-59.0942,78.17,93,100,2.98
418,La Crosse,US,2022-01-26 19:05:40,43.8014,-91.2396,10.78,60,87,5.99
419,Hun,LY,2022-01-26 19:10:24,29.1268,15.9477,48.06,44,3,7.2
420,Port Blair,IN,2022-01-26 19:10:24,11.6667,92.75,78.84,78,20,2.3
421,Ampere,BR,2022-01-26 19:10:25,-25.915,-53.4728,91.06,41,74,0.22
422,Sorong,ID,2022-01-26 19:10:26,-0.8833,131.25,80.91,80,100,12.19
423,Thinadhoo,MV,2022-01-26 19:09:53,0.5333,72.9333,81.48,71,100,20.76
424,Black Forest,US,2022-01-26 19:10:27,39.0131,-104.7008,37.96,35,0,5.01
425,Azare,NG,2022-01-26 19:10:28,11.6765,10.1948,68.59,21,4,10.04
426,Uyuni,BO,2022-01-26 19:10:29,-20.4597,-66.825,60.33,44,100,5.59
427,Mananara,MG,2022-01-26 19:07:19,-16.1667,49.7667,71.83,90,79,6.04
428,Puri,IN,2022-01-26 19:10:30,19.8,85.85,68.52,73,25,6.33
429,Banikoara,BJ,2022-01-26 19:10:31,11.2985,2.4386,77.4,15,0,5.26
430,Lasa,IT,2022-01-26 19:10:32,46.6166,10.7002,33.37,67,2,6.08
431,Xihua,CN,2022-01-26 19:10:33,33.7833,114.5167,35.22,88,100,5.79
432,Chor,PK,2022-01-26 19:10:33,25.5167,69.7667,60.91,17,0,6.4
433,Carutapera,BR,2022-01-26 19:10:34,-1.195,-46.02,82.24,74,98,7.43
434,Kailua,US,2022-01-26 19:10:35,21.4022,-157.7394,76.98,74,75,6.91
435,Santa Maria,BR,2022-01-26 19:10:35,-29.6842,-53.8069,83.37,72,98,7.29
436,Jutai,BR,2022-01-26 19:10:36,-5.1833,-68.9,87.57,58,91,3.15
437,Pacific Grove,US,2022-01-26 19:08:28,36.6177,-121.9166,63.81,78,0,1.01
438,Solenzo,BF,2022-01-26 19:10:38,12.1833,-4.0833,81.16,8,46,4.88
439,Mao,ES,2022-01-26 19:10:39,39.8885,4.2658,45.16,93,20,4.61
440,Tabou,CI,2022-01-26 19:10:40,4.423,-7.3528,80.35,77,87,8.46
441,Olga,RU,2022-01-26 19:10:41,43.7444,135.2892,15.13,63,2,9.91
442,Beloha,MG,2022-01-26 19:10:43,-25.1667,45.05,72.03,78,0,18.03
443,Saint-Georges,GD,2022-01-26 19:10:46,12.0564,-61.7485,82.08,74,75,9.22
444,Bubaque,GW,2022-01-26 19:10:48,11.2833,-15.8333,78.85,63,22,12.53
445,Sandwick,GB,2022-01-26 19:10:50,60.0,-1.25,48.02,93,75,36.82
446,Ngunguru,NZ,2022-01-26 19:10:51,-35.6167,174.5,69.17,86,100,12.35
447,Central Point,US,2022-01-26 19:05:54,42.376,-122.9164,56.7,50,0,0.0
448,Gombong,ID,2022-01-26 19:10:53,-7.6072,109.5142,78.1,91,100,3.0
449,Nalobikha,RU,2022-01-26 19:10:54,53.2006,84.6039,10.35,96,88,6.67
450,Saint Anthony,US,2022-01-26 19:10:58,45.0205,-93.218,15.84,67,20,5.99
451,Chinhoyi,ZW,2022-01-26 19:10:59,-17.3667,30.2,64.92,98,100,7.16
452,Owase,JP,2022-01-26 19:11:01,34.0667,136.2,40.64,77,97,7.85
453,Sokyryany,UA,2022-01-26 19:11:04,48.4475,27.4168,26.56,95,99,3.38
454,Asau,RO,2022-01-26 19:11:06,46.4333,26.4,31.12,86,100,5.68
455,Constitucion,CL,2022-01-26 19:12:07,-35.3333,-72.4167,67.93,69,18,10.47
456,Khani,GE,2022-01-26 19:12:09,41.9563,42.9566,29.77,93,100,2.86
457,Kimbe,PG,2022-01-26 19:12:10,-5.5502,150.1429,76.68,93,99,1.9
458,Tahta,EG,2022-01-26 19:12:11,26.7693,31.5021,48.49,48,0,12.28
459,Tessalit,ML,2022-01-26 19:12:12,20.1986,1.0114,67.96,15,100,10.27
460,Takoradi,GH,2022-01-26 19:12:13,4.8845,-1.7554,80.67,74,2,6.73
461,Karratha,AU,2022-01-26 19:12:14,-20.7377,116.8463,80.91,66,1,9.78
462,Antiguo Morelos,MX,2022-01-26 19:12:15,22.5495,-99.0812,68.95,55,86,5.32
463,Paris,FR,2022-01-26 19:12:16,48.8534,2.3488,38.17,92,100,1.99
464,Guder,ET,2022-01-26 19:12:18,8.9667,37.7667,59.32,43,2,5.99
465,Anqiu,CN,2022-01-26 19:12:19,36.4342,119.1925,26.91,71,74,6.49
466,Kieta,PG,2022-01-26 19:12:21,-6.2167,155.6333,79.32,83,100,1.77
467,Huarmey,PE,2022-01-26 19:12:22,-10.0681,-78.1522,76.77,70,23,12.48
468,Kirando,TZ,2022-01-26 19:09:15,-7.4167,30.6,73.81,78,100,3.06
469,Mitu,CO,2022-01-26 19:12:25,1.1983,-70.1733,89.4,49,95,4.23
470,Inverell,AU,2022-01-26 19:12:25,-29.7833,151.1167,68.67,87,68,1.01
471,San Nicolas,PH,2022-01-26 19:12:27,18.1725,120.5953,80.94,82,96,6.64
472,Ardakan,IR,2022-01-26 19:12:28,32.31,54.0175,55.78,27,2,5.73
473,Pak Phanang,TH,2022-01-26 19:12:29,8.3511,100.202,78.13,81,29,5.53
474,Mandiana,GN,2022-01-26 19:12:30,10.6333,-8.6833,80.58,14,11,4.05
475,Naze,JP,2022-01-26 19:12:31,28.3667,129.4833,60.21,70,57,5.21
476,Gbadolite,CD,2022-01-26 19:12:32,4.2833,21.0167,79.66,25,100,1.32
477,Wuzhou,CN,2022-01-26 19:12:32,23.4833,111.3167,64.78,90,100,3.27
478,Huntsville,US,2022-01-26 19:11:24,34.7304,-86.5861,42.15,38,0,4.0
479,Alta Floresta,BR,2022-01-26 19:12:34,-9.8756,-56.0861,79.66,86,100,3.91
480,Neyshabur,IR,2022-01-26 19:12:35,36.2133,58.7958,41.36,33,0,0.83
481,Hami,CN,2022-01-26 19:12:36,42.8,93.45,23.32,44,6,1.66
482,Jhinjhak,IN,2022-01-26 19:12:37,26.5667,79.7333,49.33,73,0,6.6
483,Flinders,AU,2022-01-26 19:12:38,-34.5833,150.8552,68.81,79,92,5.01
484,Chapleau,CA,2022-01-26 19:12:39,47.8405,-83.4034,7.95,82,100,14.41
485,Ketchikan,US,2022-01-26 19:12:41,55.3422,-131.6461,37.38,100,100,0.0
486,Tecoanapa,MX,2022-01-26 19:12:42,16.5167,-98.75,82.62,62,0,9.17
487,Ulladulla,AU,2022-01-26 19:12:43,-35.35,150.4667,62.1,88,39,4.83
488,Ouro Fino,BR,2022-01-26 19:12:47,-22.2831,-46.3692,77.47,73,15,2.33
489,Nenjiang,CN,2022-01-26 19:12:49,49.1833,125.2167,-15.48,100,92,1.21
490,Jeremie,HT,2022-01-26 19:12:51,18.65,-74.1167,80.65,70,24,6.6
491,Pemangkat,ID,2022-01-26 19:12:52,1.1667,108.9667,77.29,86,100,8.25
492,Deputatskiy,RU,2022-01-26 19:12:53,69.3,139.9,-18.11,88,100,5.17
493,Praia,CV,2022-01-26 19:12:55,14.9215,-23.5087,73.94,73,0,24.16
494,Barbastro,ES,2022-01-26 19:09:56,42.0356,0.1269,41.07,54,0,3.4
495,Casablanca,MA,2022-01-26 19:08:32,33.5928,-7.6192,61.02,82,71,5.99
496,Tautira,PF,2022-01-26 19:12:59,-17.7333,-149.15,82.42,80,91,17.05
497,Horta,PT,2022-01-26 19:13:02,38.5333,-28.6333,60.44,67,40,11.5
498,Plastun,RU,2022-01-26 19:13:04,44.7561,136.2939,12.15,73,100,10.0
499,Bud,US,2022-01-26 19:13:05,39.447,-86.1758,21.22,52,0,2.53
500,Babanka,UA,2022-01-26 19:13:07,48.7097,30.4483,26.37,79,100,6.98
501,Camabatela,AO,2022-01-26 19:13:08,-8.1881,15.375,62.17,96,97,2.33
502,Dabou,CI,2022-01-26 19:13:10,5.3256,-4.3769,82.2,76,5,9.44
503,La Rioja,ES,2022-01-26 19:14:11,42.25,-2.5,39.04,66,0,4.9
504,Gazli,UZ,2022-01-26 19:14:12,40.1333,63.45,37.99,58,0,10.83
505,Gboko,NG,2022-01-26 19:14:13,7.3179,8.9951,82.98,13,5,6.78
506,Zajecar,RS,2022-01-26 19:14:15,43.9036,22.2641,35.56,88,20,8.39
507,Egvekinot,RU,2022-01-26 19:14:17,66.3167,-179.1667,-26.21,85,6,2.21
508,Zhezkazgan,KZ,2022-01-26 19:14:19,47.8043,67.7144,-1.71,99,53,4.14
509,Katobu,ID,2022-01-26 19:14:22,-4.9408,122.5276,76.21,90,63,1.61
510,Olinda,BR,2022-01-26 19:14:23,-8.0089,-34.8553,83.93,70,75,10.36
511,Kearney,US,2022-01-26 19:14:25,40.6995,-99.0815,33.24,66,0,11.99
512,Port Hedland,AU,2022-01-26 19:14:26,-20.3167,118.5667,80.65,74,100,8.05
513,Oga,IT,2022-01-26 19:14:27,46.4631,10.347,28.69,75,1,4.32
514,Tiznit,MA,2022-01-26 19:14:29,29.5833,-9.5,55.78,52,3,2.82
515,Maple Creek,CA,2022-01-26 19:14:30,49.9168,-109.4848,35.65,60,98,9.22
516,Redlands,US,2022-01-26 19:09:34,34.0556,-117.1825,67.15,21,4,1.43
517,Crateus,BR,2022-01-26 19:14:33,-5.1783,-40.6775,87.91,44,100,8.84
518,Los Andes,CL,2022-01-26 19:14:34,-32.8337,-70.5983,87.01,19,0,9.71
519,Juba,SS,2022-01-26 19:14:35,4.8517,31.5825,85.39,24,29,4.45
520,Kinablangan,PH,2022-01-26 19:14:39,7.6947,126.5503,76.71,85,89,2.26
521,Sosnovo-Ozerskoye,RU,2022-01-26 19:14:40,52.5249,111.5418,-22.65,100,97,2.19
522,Samokov,BG,2022-01-26 19:14:40,42.3333,23.55,24.46,92,78,4.12
523,Katherine,AU,2022-01-26 19:14:41,-14.4667,132.2667,77.32,94,100,4.61
524,Maldonado,UY,2022-01-26 19:14:42,-34.6667,-54.9167,76.39,83,96,12.33
525,Dukat,RU,2022-01-26 19:14:43,62.55,155.55,-34.98,99,71,4.18
526,Plettenberg Bay,ZA,2022-01-26 19:14:44,-34.0527,23.3716,66.06,94,100,11.9
527,Caetite,BR,2022-01-26 19:14:46,-14.0694,-42.475,73.98,78,100,5.37
528,Hong Gai,VN,2022-01-26 19:14:47,20.956,107.0946,67.91,97,88,5.01
529,Walvis Bay,NA,2022-01-26 19:14:49,-22.9575,14.5053,67.08,88,100,8.05
530,Mirandopolis,BR,2022-01-26 19:14:51,-21.1336,-51.1017,90.27,42,81,6.42
531,Paka,MY,2022-01-26 19:14:52,4.6374,103.4368,73.33,94,97,2.3
532,Krabi,TH,2022-01-26 19:14:54,8.0726,98.9105,78.91,88,20,2.3
533,Tromso,NO,2022-01-26 19:14:57,69.6496,18.957,26.38,93,40,3.44
534,Mazagao,BR,2022-01-26 19:14:59,-0.115,-51.2894,82.45,77,100,4.45
535,Emerald,AU,2022-01-26 19:13:52,-23.5333,148.1667,76.33,72,100,8.86
536,Skjervoy,NO,2022-01-26 19:15:02,70.0311,20.9714,30.38,54,94,7.7
